﻿<?xml version="1.0" encoding="utf-8" ?>
<Customers>

  <Customer>
    <CustomerID> 1001</CustomerID>
    <CustomerName> john </CustomerName>
    <CustomerCity> BGL</CustomerCity>
    </Customer>

  <Customer>
    <CustomerID> 1001</CustomerID>
    <CustomerName> john </CustomerName>
    <CustomerCity> BGL</CustomerCity>
  </Customer>

  <Customer>
    <CustomerID> 1002</CustomerID>
    <CustomerName> rahul </CustomerName>
    <CustomerCity> BGL</CustomerCity>
  </Customer>

  <Customer>
    <CustomerID> 1003</CustomerID>
    <CustomerName> reddy </CustomerName>
    <CustomerCity> GOA</CustomerCity>
  </Customer>


  <Customer>
    <CustomerID> 1004</CustomerID>
    <CustomerName> sai </CustomerName>
    <CustomerCity> GOA</CustomerCity>
  </Customer>

</Customers>